DATE,TIME,ITEM,PROG,MINUTS,SECONDS
2021-08-01,10:39:28,2CSH10199_0043,TFV4,87,53.1839999
2021-08-01,12:48:29,2CSH10199_0043,TFV5,78,39.72399992
2021-08-01,14:39:54,2CSH10199_0043,TFVI4,90,29.9199999
2021-08-01,15:20:35,2CSH10199_0043,TFV6,25,35.77599999
2021-08-01,15:44:11,2CSH10199_0043,TFV7,23,2.123999995
2021-08-01,16:38:45,2CSH10199_0043,TFV8,24,54.05999999
2021-08-01,17:35:20,2CSH10199_0043,TFVI3,24,15.17999999
2021-08-01,18:46:30,2CSH10199_0043,TFV9,55,6.995999949
2021-08-01,20:12:22,2CSH10199_0043,TFV10,75,18.51199992
2021-08-01,20:52:44,2CSH10199_0043,TFV11,19,45.216
2021-08-01,22:05:18,2CSH10199_0043,TFV12,44,54.85999996
2021-08-01,22:14:44,2CSH10199_0043,TFV13,5,34.644
2021-08-01,23:23:35,2CSH10199_0043,TFVI5,45,15.99199996
2021-08-02,00:03:30,2CSH10199_0043,CANCEL,0,1.48
2021-08-02,00:33:17,2CSH10199_0043,TFV1,5,16.084
2021-08-02,01:19:51,2CSH10199_0043,RAW,23,2.907999995
2021-08-02,03:00:09,2CSH10199_0043,TFV2,56,13.60399995
2021-08-02,03:00:32,2CSH10199_0043,ADD,0,1.468
2021-08-02,03:42:06,2CSH10199_0043,TFV3,41,13.63999997
2021-08-02,04:29:12,2CSH10199_0043,TFVI1,19,21.584
2021-08-02,04:50:20,2CSH10199_0043,TFVI2,19,57.744
2021-08-02,05:23:41,2CSH10199_0043,TFVI2,17,25.36
2021-08-02,05:48:40,2CSH10199_0043,TFVI2,20,13.064
2021-08-02,06:30:59,2CSH10199_0043,TFVI2,20,33.32
2021-08-02,09:45:47,2CSH10199_0043,TFV4,88,25.5519999
2021-08-02,11:33:50,2CSH10199_0043,TFV5,78,37.12399992
2021-08-02,14:08:45,2CSH10199_0043,TFVI4,92,18.0999999
2021-08-02,15:47:03,2CSH10199_0043,TFV6,25,35.49999999
2021-08-02,16:11:48,2CSH10199_0043,TFV7,23,1.859999995
2021-08-02,16:42:25,2CSH10199_0043,TFV8,24,48.13199999
2021-08-02,17:13:39,2CSH10199_0043,TFVI3,24,6.447999993
2021-08-02,18:20:43,2CSH10199_0043,TFV9,55,10.14799995
2021-08-02,19:36:43,2CSH10199_0043,TFV10,75,18.78399992
2021-08-02,20:02:06,2CSH10199_0043,TFV11,19,47.98
2021-08-02,20:51:23,2CSH10199_0043,TFV12,44,47.77599996
2021-08-02,20:57:07,2CSH10199_0043,TFV13,5,31.028
2021-08-02,21:55:49,2CSH10199_0043,TFVI5,42,49.90399997
2021-08-02,21:56:42,2CSH10199_0043,CANCEL,0,1.476
2021-08-02,22:13:05,2CSH10199_0043,MEAS,15,59.348
2021-08-02,22:58:49,2CSH10199_0043,TFV1,5,7.532
2021-08-03,00:23:07,2CSH10199_0043,RAW,22,1.899999996
2021-08-03,00:40:55,2CSH10199_0043,MEAS,15,17.732
2021-08-03,00:48:49,2CSH10199_0043,CANCEL,0,1.5
2021-08-03,01:46:26,2CSH10199_0043,TFV2,55,56.68799995
2021-08-03,01:49:51,2CSH10199_0043,ADD,0,1.488
2021-08-03,01:49:54,2CSH10199_0043,ADD,0,1.468
2021-08-03,02:31:18,2CSH10199_0043,TFV3,41,14.10399997
2021-08-03,03:04:54,2CSH10199_0043,TFVI1,19,53.488
2021-08-03,03:28:13,2CSH10199_0043,TFVI2,19,53.652
2021-08-03,05:03:14,2CSH10199_0043,TFV4,87,56.8679999
2021-08-03,06:33:41,2CSH10199_0043,TFV5,78,31.17599992
2021-08-03,09:34:03,2CSH10199_0043,TFVI4,88,32.2799999
2021-08-03,13:14:38,2CSH10199_0043,TFV6,25,39.19599999
2021-08-03,13:38:44,2CSH10199_0043,TFV7,23,7.983999995
2021-08-03,14:06:30,2CSH10199_0043,TFV8,24,48.18399999
2021-08-03,14:37:55,2CSH10199_0043,TFVI3,24,39.02799999
2021-08-03,15:12:24,2CSH10199_0043,TFVI3,23,36.98399999
2021-08-03,16:10:56,2CSH10199_0043,TFV9,55,3.35199995
2021-08-03,17:27:19,2CSH10199_0043,TFV10,75,14.31599992
2021-08-03,17:55:31,2CSH10199_0043,TFV11,19,45.6
2021-08-03,18:51:59,2CSH10199_0043,TFV12,44,42.00399996
2021-08-03,18:58:14,2CSH10199_0043,TFV13,5,31.2
2021-08-03,19:53:09,2CSH10199_0043,TFVI5,42,32.36399997
2021-08-03,20:46:27,2CSH10199_0043,TFVI5,42,16.23199997
2021-08-03,20:47:26,2CSH10199_0043,CANCEL,0,1.548
2021-08-03,21:23:23,2CSH10199_0043,MEAS,15,17.536
2021-08-03,22:02:24,2CSH10199_0043,TFV1,5,8.128
2021-08-04,00:06:06,2CSH10199_0043,RAW,21,25.976
2021-08-04,00:23:43,2CSH10199_0043,CANCEL,0,1.48
2021-08-04,01:27:26,2CSH10199_0043,TFV2,56,18.92799995
2021-08-04,01:27:43,2CSH10199_0043,ADD,0,1.696
2021-08-04,02:09:18,2CSH10199_0043,TFV3,41,13.51599997
2021-08-04,02:41:01,2CSH10199_0043,TFVI1,20,7.631999999
2021-08-04,03:01:54,2CSH10199_0043,TFVI2,19,55.576
2021-08-04,04:35:15,2CSH10199_0043,TFV4,87,58.5079999
2021-08-04,06:01:12,2CSH10199_0043,TFV5,78,31.67999992
2021-08-04,07:46:19,2CSH10199_0043,TFVI4,88,43.7119999
2021-08-04,10:23:28,2CSH10199_0043,TFV6,25,35.42799999
2021-08-04,11:04:04,2CSH10199_0043,TFV7,23,2.543999995
2021-08-04,11:30:38,2CSH10199_0043,TFV8,24,48.49199999
2021-08-04,12:40:30,2CSH10199_0043,TFVI3,24,2.855999994
2021-08-04,14:11:34,2CSH10199_0043,TFV9,55,3.53199995
2021-08-04,15:27:37,2CSH10199_0043,TFV10,75,14.22399992
2021-08-04,16:09:26,2CSH10199_0043,TFV11,19,40.964
2021-08-04,17:48:31,2CSH10199_0043,TFV12,44,42.31999996
2021-08-04,18:04:54,2CSH10199_0043,TFV13,5,31.096
2021-08-04,19:02:28,2CSH10199_0043,TFVI5,42,26.75599997
2021-08-04,23:02:53,2CSH10199_0043,CANCEL,0,1.456
2021-08-05,00:08:11,CALIBRATION_T99,MPF,1,9.46
2021-08-05,00:13:33,CALIBRATION_T99,MPF,1,6.748
2021-08-05,01:47:32,2CSH10196_0071,TFV,6,34.424
2021-08-05,02:01:07,2CSH10196_0071,TFV,6,15.816
2021-08-05,02:41:29,PRB_CAL,10196,33,26.57199998
2021-08-05,03:07:08,PRB_CAL,0071,22,18.176
2021-08-05,03:22:23,PRB_CAL,10196,4,21.38
2021-08-05,03:27:58,PRB_CAL,10196,4,48.74
2021-08-05,03:32:15,PRB_CAL,10196,3,51.14
2021-08-05,04:00:54,2CSH10196_0071,FIX,25,55.46399999
2021-08-05,04:22:32,2CSH10196_0071,TFV1,7,43.324
2021-08-05,05:06:57,2CSH10196_0071,RAW,22,3.747999996
2021-08-05,05:32:57,2CSH10196_0071,MEAS,5,58.484
2021-08-05,06:41:53,2CSH10196_0071,TFV2,66,50.52799993
2021-08-05,08:44:59,2CSH10196_0071,TFV3,122,57.17999985
2021-08-05,09:03:04,2CSH10196_0071,TFVI2,12,33.772
2021-08-05,09:05:15,2CSH10196_0071,ADD,0,0.476
2021-08-05,09:57:00,2CSH10196_0071,TFV4,51,28.13999995
2021-08-05,13:01:58,2CSH10196_0071,TFV5,184,45.87600042
2021-08-05,14:16:37,2CSH10196_0071,TFV6,74,17.10799992
2021-08-05,14:47:53,2CSH10196_0071,TFVI3,25,44.08799999
2021-08-05,16:44:49,2CSH10196_0071,TFV7,105,45.21999988
2021-08-05,18:08:23,2CSH10196_0071,TFV8,79,35.94799991
2021-08-05,18:52:31,2CSH10196_0071,TFVI4,30,45.91599998
2021-08-05,20:43:30,2CSH10196_0071,TFV9,85,12.19999991
2021-08-05,22:13:42,2CSH10196_0071,TFV10,80,18.61199991
2021-08-06,03:54:19,2CSH10196_0071,TFV11,90,10.0839999
2021-08-06,04:04:02,2CSH10196_0071,TFV12,9,30.892
2021-08-06,04:43:55,2CSH10196_0071,TFVI5,28,38.27999999
2021-08-06,05:17:08,2CSH10196_0071,TFVI5,27,42.61999999
2021-08-06,07:44:32,2CSH10196_0071,CANCEL,0,0.464
2021-08-06,08:52:11,2CSH10196_0071,MEAS,5,58.924
2021-08-06,09:00:28,2CSH10196_0071,TFV1,8,1.508000001
2021-08-06,09:43:50,2CSH10196_0071,RAW,23,9.299999995
2021-08-06,11:10:33,2CSH10196_0071,TFV2,66,17.86399993
2021-08-08,02:57:17,2CSH10196_0071,TFV3,4,28.932
2021-08-08,03:32:01,2CSH10196_0071,TFVI2,12,23.144
2021-08-08,03:33:13,2CSH10196_0071,ADD,0,0.508
2021-08-08,04:25:36,2CSH10196_0071,TFV4,51,29.48799995
2021-08-08,07:31:53,2CSH10196_0071,TFV5,185,21.29200043
2021-08-08,08:49:00,2CSH10196_0071,TFV6,75,1.383999921
2021-08-08,09:20:47,2CSH10196_0071,TFVI3,25,45.40399999
2021-08-08,11:18:22,2CSH10196_0071,TFV7,106,25.11199988
2021-08-08,13:18:19,2CSH10196_0071,TFV8,79,40.58399991
2021-08-08,14:01:12,2CSH10196_0071,TFVI4,30,7.071999985
2021-08-08,15:28:22,2CSH10196_0071,TFV9,85,11.00399991
2021-08-08,16:52:04,2CSH10196_0071,TFV10,80,25.40399991
2021-08-08,19:54:49,2CSH10196_0071,TFV11,172,46.22000028
2021-08-08,20:11:13,2CSH10196_0071,TFV12,9,25.808
2021-08-08,20:47:55,2CSH10196_0071,TFVI5,28,16.94399999
2021-08-08,20:51:15,2CSH10196_0071,CANCEL,0,0.476
2021-08-08,22:15:16,2CSH10196_0071,MEAS,5,56.752
2021-08-10,16:55:15,CALIBRATION_T99,MPF,1,14.184
2021-08-10,18:44:05,PRB_CAL,199,5,52.148
2021-08-10,18:49:45,PRB_CAL,199,5,11.62
2021-08-10,18:55:05,PRB_CAL,199,4,44.844
2021-08-10,19:00:25,PRB_CAL,199,4,18.74
2021-08-10,19:05:42,PRB_CAL,199,3,59.176
2021-08-10,19:20:53,PRB_CAL,199,13,24.48
2021-08-10,20:16:21,PRB_CAL,199,55,7.447999949
2021-08-10,20:40:59,2CSH10199_0043,MEAS,15,20.88
2021-08-10,21:53:49,2CSH10199_0043,TFV,7,54.02
2021-08-10,22:52:31,2CSH10199_0043,FIX,45,12.96799996
2021-08-11,01:27:15,2CSH10199_0043,FIX,45,38.71199996
2021-08-11,09:56:05,OML_CHECK,MPF,14,2.128000003
2021-08-11,10:49:08,2CSH10199_0043,TFV,3,50.116
2021-08-11,11:42:08,2CSH10199_0043,FIX,45,15.37199996
2021-08-11,12:30:34,2CSH10199_0043,MEAS,15,16.696
2021-08-11,12:45:37,2CSH10199_0043,TFV1,5,13.208
2021-08-11,13:23:13,2CSH10199_0043,RAW,21,44.472
2021-08-11,13:57:31,2CSH10199_0043,RAW,21,9.259999998
2021-08-11,15:20:12,2CSH10199_0043,TFV2,56,15.13999995
2021-08-11,15:21:00,2CSH10199_0043,ADD,0,1.46
2021-08-11,16:02:36,2CSH10199_0043,TFV3,41,13.58799997
2021-08-11,16:37:50,2CSH10199_0043,TFVI1,20,13.288
2021-08-11,16:59:53,2CSH10199_0043,TFVI2,20,16.608
2021-08-11,19:26:08,2CSH10199_0043,TFV4,88,2.947999903
2021-08-11,20:47:05,2CSH10199_0043,TFV5,78,20.56799992
2021-08-11,22:39:38,2CSH10199_0043,TFVI4,90,47.6319999
2021-08-12,01:37:20,2CSH10199_0043,TFV6,25,35.43599999
2021-08-12,02:08:42,2CSH10199_0043,TFV7,23,2.063999995
2021-08-12,02:43:32,2CSH10199_0043,TFV8,24,47.85999999
2021-08-12,03:43:55,2CSH10199_0043,TFVI3,23,58.36399999
2021-08-12,04:45:39,2CSH10199_0043,TFV9,55,2.54399995
2021-08-12,06:54:39,2CSH10199_0043,TFV10,75,12.15599992
2021-08-12,08:04:35,2CSH10199_0043,TFV11,19,45.848
2021-08-12,09:26:19,2CSH10199_0043,TFV12,44,45.33199996
2021-08-12,10:03:08,2CSH10199_0043,TFV13,5,31.052
2021-08-12,11:15:55,2CSH10199_0043,TFVI5,43,13.24799997
2021-08-12,12:42:39,2CSH10199_0043,CANCEL,0,1.468
2021-08-12,12:48:43,2CSH10199_0043,TFV1,5,9.052
2021-08-12,13:40:12,2CSH10199_0043,RAW,21,54.912
2021-08-12,14:03:33,2CSH10199_0043,MEAS,15,14.552
2021-08-12,15:28:15,2CSH10199_0043,TFV2,56,19.33199995
2021-08-12,15:29:04,2CSH10199_0043,ADD,0,1.48
2021-08-12,16:10:51,2CSH10199_0043,TFV3,41,13.35999997
2021-08-12,16:41:24,2CSH10199_0043,TFVI1,19,58.516
2021-08-12,17:12:48,2CSH10199_0043,TFVI2,20,9.359999999
2021-08-12,19:05:13,2CSH10199_0043,TFV4,87,58.1839999
2021-08-12,20:35:02,2CSH10199_0043,TFV5,78,20.67599992
2021-08-12,22:21:04,2CSH10199_0043,TFVI4,91,22.4839999
2021-08-13,00:18:52,2CSH10199_0043,TFVI4,92,27.0559999
2021-08-13,01:28:12,2CSH10199_0043,TFV6,25,39.65199999
2021-08-13,01:53:13,2CSH10199_0043,TFV7,23,7.027999995
2021-08-13,02:23:57,2CSH10199_0043,TFV8,24,54.26399999
2021-08-13,03:01:39,2CSH10199_0043,TFVI3,24,8.863999993
2021-08-13,04:10:49,2CSH10199_0043,TFV9,55,7.887999949
2021-08-13,05:36:28,2CSH10199_0043,TFV10,75,18.51599992
2021-08-13,06:01:09,2CSH10199_0043,TFV11,19,45.86
2021-08-13,06:53:11,2CSH10199_0043,TFV12,44,49.61999996
2021-08-13,07:38:40,2CSH10199_0043,TFV13,5,30.956
2021-08-13,08:36:04,2CSH10199_0043,TFVI5,42,36.87599997
2021-08-13,11:37:24,2CSH10199_0043,CANCEL,0,1.48
2021-08-13,11:43:17,2CSH10199_0043,TFV1,5,4.364
2021-08-15,00:40:30,2CSH10199_0043,RAW,22,14.236
2021-08-15,01:27:13,2CSH10199_0043,MEAS,15,12.268
2021-08-15,02:29:12,2CSH10199_0043,TFV2,56,16.06399995
2021-08-15,02:31:29,2CSH10199_0043,ADD,0,1.492
2021-08-15,03:13:14,2CSH10199_0043,TFV3,41,20.81199997
2021-08-15,04:35:31,2CSH10199_0043,TFVI1,20,17.22
2021-08-15,05:00:32,2CSH10199_0043,TFVI2,21,0.5119999978
2021-08-15,07:38:07,2CSH10199_0043,TFV4,88,2.923999903
2021-08-15,09:02:08,2CSH10199_0043,TFV5,79,22.56399992
2021-08-15,11:28:36,2CSH10199_0043,TFVI4,91,15.3079999
2021-08-15,12:27:12,2CSH10199_0043,TFV6,25,46.09599999
2021-08-15,13:01:13,2CSH10199_0043,TFV7,23,7.019999995
2021-08-15,13:26:32,2CSH10199_0043,TFV8,24,48.24399999
2021-08-15,14:01:20,2CSH10199_0043,TFVI3,24,10.99199999
2021-08-15,15:41:58,2CSH10199_0043,TFV9,55,16.96799995
2021-08-15,17:24:41,2CSH10199_0043,TFV10,76,30.40399992
2021-08-15,17:49:01,2CSH10199_0043,TFV11,19,45.304
2021-08-15,18:42:45,2CSH10199_0043,TFV12,44,41.80399996
2021-08-15,18:48:32,2CSH10199_0043,TFV13,5,31.12
2021-08-15,19:45:24,2CSH10199_0043,TFVI5,42,22.52399997
2021-08-15,19:55:36,2CSH10199_0043,CANCEL,0,1.688
2021-08-15,20:11:13,2CSH10199_0043,MEAS,15,18.224
2021-08-15,20:33:56,2CSH10199_0043,TFV1,5,12.716
2021-08-15,21:12:53,2CSH10199_0043,RAW,22,36.04
2021-08-15,22:23:59,2CSH10199_0043,TFV2,56,11.76799995
2021-08-15,22:49:45,2CSH10199_0043,ADD,0,1.48
2021-08-15,23:31:20,2CSH10199_0043,TFV3,41,13.99999997
2021-08-16,00:04:54,2CSH10199_0043,TFVI1,21,0.8399999978
2021-08-16,00:29:05,2CSH10199_0043,TFVI2,23,12.03199999
2021-08-16,02:05:33,2CSH10199_0043,TFV4,88,1.823999903
2021-08-16,03:31:46,2CSH10199_0043,TFV5,78,24.11599992
2021-08-16,05:27:45,2CSH10199_0043,TFVI4,90,40.8159999
2021-08-16,08:45:40,2CSH10199_0043,TFV6,25,39.26799999
2021-08-16,09:09:30,2CSH10199_0043,TFV7,23,2.031999995
2021-08-16,09:38:37,2CSH10199_0043,TFV8,24,48.08799999
2021-08-16,10:48:29,2CSH10199_0043,TFVI3,24,17.70799999
2021-08-16,12:03:59,2CSH10199_0043,TFV9,55,1.17199995
2021-08-16,17:06:54,2CSH10199_0043,TFV10,48,49.42399996
2021-08-16,17:39:29,2CSH10199_0043,TFV11,19,39.5
2021-08-16,19:02:54,2CSH10199_0043,TFV12,58,35.90399994
2021-08-16,19:09:06,2CSH10199_0043,TFV13,5,31.056
2021-08-16,19:50:42,2CSH10199_0043,TFVI5,32,14.46799998
2021-08-16,19:51:02,2CSH10199_0043,CANCEL,0,1.448
2021-08-16,20:11:09,2CSH10199_0043,MEAS,3,45.024
2021-08-16,20:54:53,2CSH10199_0043,TFV1,5,13.184
2021-08-16,21:42:13,2CSH10199_0043,RAW,16,58.524
2021-08-16,22:01:54,2CSH10199_0043,RAW,13,7.580000002
2021-08-16,23:07:15,2CSH10199_0043,TFV2,56,15.49999995
2021-08-16,23:07:55,2CSH10199_0043,ADD,0,1.48
2021-08-16,23:49:27,2CSH10199_0043,TFV3,41,13.62799997
2021-08-17,00:17:23,2CSH10199_0043,TFVI1,17,8.192000003
2021-08-17,00:34:58,2CSH10199_0043,TFVI2,16,38.44
2021-08-17,02:15:40,2CSH10199_0043,TFV4,88,2.831999903
2021-08-17,03:40:30,2CSH10199_0043,TFV5,78,24.53999992
2021-08-17,05:04:10,2CSH10199_0043,TFVI4,59,1.871999944
2021-08-17,06:11:54,2CSH10199_0043,TFVI4,55,30.16399995
2021-08-17,06:39:51,2CSH10199_0043,TFV6,25,35.80799999
2021-08-17,07:03:09,2CSH10199_0043,TFV7,23,1.871999995
2021-08-17,07:58:04,2CSH10199_0043,TFV8,24,48.29199999
2021-08-17,08:27:15,2CSH10199_0043,TFVI3,19,26.872
2021-08-17,09:39:37,2CSH10199_0043,TFV9,55,2.20399995
2021-08-17,10:56:59,2CSH10199_0043,TFV10,75,38.91199992
2021-08-17,20:27:25,2CSH10199_0043,TFV11,19,45.94
2021-08-17,21:46:21,2CSH10199_0043,TFV12,45,22.09599996
2021-08-17,21:56:58,2CSH10199_0043,TFV13,5,34.148
2021-08-17,23:10:13,2CSH10199_0043,TFVI5,42,37.61199997
2021-08-18,01:15:25,2CSH10199_0043,CANCEL,0,1.48
2021-08-18,01:21:35,2CSH10199_0043,TFV1,5,11.96
2021-08-18,02:19:44,2CSH10199_0043,RAW,21,6.143999998
2021-08-18,04:11:00,2CSH10199_0043,TFV2,56,10.38799995
2021-08-18,04:17:41,2CSH10199_0043,ADD,0,1.468
2021-08-18,05:00:01,2CSH10199_0043,TFV3,41,13.69599997
2021-08-18,05:27:52,2CSH10199_0043,TFVI1,19,28.996
2021-08-18,05:56:51,2CSH10199_0043,TFVI2,19,24.264
2021-08-18,08:24:53,2CSH10199_0043,TFV4,88,0.3239999028
2021-08-18,09:59:04,2CSH10199_0043,TFV5,78,28.41599992
2021-08-18,11:46:17,2CSH10199_0043,TFVI4,87,37.8959999
2021-08-18,12:30:53,2CSH10199_0043,TFV6,25,34.25999999
2021-08-18,12:54:20,2CSH10199_0043,TFV7,23,1.791999995
2021-08-18,13:19:44,2CSH10199_0043,TFV8,24,47.66799999
2021-08-18,14:06:50,2CSH10199_0043,TFVI3,34,44.44799998
2021-08-18,15:20:20,2CSH10199_0043,TFV9,58,21.89599994
2021-08-18,16:39:22,2CSH10199_0043,TFV10,75,22.38799992
2021-08-18,17:13:01,2CSH10199_0043,TFV11,19,44.888
2021-08-18,18:11:54,2CSH10199_0043,TFV12,44,41.92399996
2021-08-18,18:18:05,2CSH10199_0043,TFV13,5,34.244
2021-08-18,19:28:22,2CSH10199_0043,TFVI5,41,57.18799997
2021-08-18,19:51:49,2CSH10199_0043,CANCEL,0,1.488
2021-08-18,21:32:00,CALIBRATION_T99,MPF,1,7.16
2021-08-18,23:39:32,2CSH10196_0069,TFV,33,16.68799998
2021-08-19,00:07:31,PRB_CAL,196,6,18.856
2021-08-19,00:13:13,PRB_CAL,196,2,21.736
2021-08-19,00:48:35,PRB_CAL,196,31,37.03199998
2021-08-19,00:53:18,PRB_CAL,196,2,43.048
2021-08-19,01:22:02,PRB_CAL,TFVI5,26,6.251999991
2021-08-19,01:58:26,2CSH10196_0069,FIX,27,8.947999989
2021-08-19,02:49:09,2CSH10196_0069,FIX,26,36.69199999
2021-08-19,03:52:07,2CSH10196_0069,TFV,16,49.86
2021-08-19,04:25:17,2CSH10196_0069,FIX,26,37.91199999
2021-08-19,06:13:29,2CSH10196_0069,MEAS,7,56.06
2021-08-19,10:16:12,OML_CHECK,MPF,14,20.948
2021-08-19,13:58:02,2CSH10196_0069,TFV,5,15.264
2021-08-19,14:25:43,2CSH10196_0069,FIX,26,43.25999999
2021-08-19,15:16:08,2CSH10196_0069,TFV1,7,24.988
2021-08-19,16:31:43,2CSH10196_0069,RAW,7,40.216
2021-08-19,17:01:30,2CSH10196_0069,MEAS,8,1.908000001
2021-08-19,18:05:02,2CSH10196_0069,TFV2,62,57.01199994
2021-08-19,20:09:17,2CSH10196_0069,TFV3,123,13.61599985
2021-08-19,20:33:22,2CSH10196_0069,TFVI2,12,20.168
2021-08-19,22:00:32,2CSH10196_0069,TFV4,74,54.33199992
2021-08-20,01:07:58,2CSH10196_0069,TFV5,185,48.67600044
2021-08-20,01:51:34,2CSH10196_0069,TFV6,36,26.79199998
2021-08-20,02:38:24,2CSH10196_0069,TFVI3,19,30.712
2021-08-20,04:44:35,2CSH10196_0069,TFV7,108,51.71199987
2021-08-20,06:16:46,2CSH10196_0069,TFV8,86,42.2239999
2021-08-20,08:40:36,2CSH10196_0069,TFVI4,26,19.67199999
2021-08-20,10:22:17,2CSH10196_0069,TFV9,89,23.6879999
2021-08-20,11:53:34,2CSH10196_0069,TFV10,75,19.71199992
2021-08-22,04:34:32,2CSH10196_0069,TFV11,194,8.488000538
2021-08-22,05:37:29,2CSH10196_0069,TFV12,7,42.252
2021-08-22,06:18:02,2CSH10196_0069,TFVI5,24,47.35599999
2021-08-22,16:51:22,2CSH10196_0069,MEAS,8,0.02000000084
2021-08-22,16:58:51,2CSH10196_0069,TFV1,7,16.72
2021-08-22,17:22:24,2CSH10196_0069,RAW,7,50.968
2021-08-22,18:35:37,2CSH10196_0069,TFV2,62,59.63199994
2021-08-22,20:41:18,2CSH10196_0069,TFV3,124,12.65199985
2021-08-22,20:58:33,2CSH10196_0069,TFVI2,12,12.156
2021-08-22,22:18:18,2CSH10196_0069,TFV4,74,50.89199992
2021-08-23,01:24:43,2CSH10196_0069,TFV5,185,43.98800044
2021-08-23,02:09:26,2CSH10196_0069,TFV6,36,26.94799998
2021-08-23,02:49:11,2CSH10196_0069,TFVI3,19,27.744
2021-08-23,04:35:30,2CSH10196_0069,TFV7,104,15.17599988
2021-08-23,05:57:37,2CSH10196_0069,TFV8,79,0.5639999155
2021-08-23,06:50:33,2CSH10196_0069,TFVI4,26,5.499999991
2021-08-23,17:36:58,2CSH10196_0069,TFV9,89,28.4479999
2021-08-23,19:11:25,2CSH10196_0069,TFV10,77,50.49199992
2021-08-23,23:25:51,2CSH10196_0069,TFV11,203,22.00400065
2021-08-23,23:40:50,2CSH10196_0069,TFV12,7,42.632
2021-08-24,00:53:19,2CSH10196_0069,TFVI5,25,56.97199999
2021-08-24,01:38:57,2CSH10196_0069,MEAS,7,48.02
2021-08-24,01:47:21,2CSH10196_0069,TFV1,7,27.984
2021-08-24,02:10:41,2CSH10196_0069,RAW,8,5.192000001
2021-08-24,03:40:29,2CSH10196_0069,TFV2,64,23.55599994
2021-08-24,05:44:10,2CSH10196_0069,TFV3,123,9.179999853
2021-08-24,06:25:52,2CSH10196_0069,TFVI2,12,4.804000002
2021-08-24,07:41:30,2CSH10196_0069,TFV4,74,51.72799992
2021-08-24,11:16:53,2CSH10196_0069,TFV5,185,55.26000044
2021-08-24,16:14:15,2CSH10196_0069,TFV6,36,47.06799998
2021-08-24,16:43:28,2CSH10196_0069,TFVI3,19,33.628
2021-08-25,12:18:10,2CSH10196_0069,TFV7,63,10.18799994
2021-08-25,15:01:37,2CSH10196_0069,TFV8,80,5.083999914
2021-08-25,16:16:56,2CSH10196-0069-TFVI4_397,MPF,23,23.83999999
2021-08-25,17:54:00,2CSH10196_0069,TFV9,89,42.1799999
2021-08-25,19:30:07,2CSH10196_0069,TFV10,77,50.92399992
2021-08-25,22:47:23,2CSH10196_0069,TFV11,194,11.49200054
2021-08-25,22:55:16,2CSH10196_0069,TFV12,7,42.708
2021-08-25,23:35:07,2CSH10196_0069,TFVI5,32,19.40799998
2021-08-26,04:34:27,2CSH10196_0069,TFV1,6,59.932
2021-08-26,05:25:14,2CSH10196_0069,RAW,7,59.564
2021-08-26,05:59:46,2CSH10196_0069,MEAS,4,2.116
2021-08-26,07:03:06,2CSH10196_0069,TFV2,62,54.54799994
2021-08-26,12:18:09,2CSH10196_0069,TFV3,123,30.55199985
2021-08-26,17:29:34,2CSH10196_0069,TFV3,123,24.95199985
2021-08-26,17:47:48,2CSH10196_0069,TFVI2,12,14.032
2021-08-26,19:03:20,2CSH10196_0069,TFV4,74,50.83199992
2021-08-26,22:19:44,2CSH10196_0069,TFV5,185,44.14000044
2021-08-26,22:56:32,2CSH10196_0069,TFV6,36,27.05999998
2021-08-26,23:42:53,2CSH10196_0069,TFVI3,19,26.68
2021-08-29,14:19:17,2CSH10196_0069,TFV7,104,12.21999988
2021-08-29,15:53:09,2CSH10196_0069,TFV8,78,40.87999992
2021-08-29,16:39:19,2CSH10196_0069,TFVI4,25,54.19199999
2021-08-29,18:10:13,2CSH10196_0069,TFV9,89,22.9639999
2021-08-29,19:39:55,2CSH10196_0069,TFV10,77,50.51599992
2021-08-29,23:01:26,2CSH10196_0069,TFV11,194,7.572000538
2021-08-29,23:09:23,2CSH10196_0069,TFV12,7,42.28
2021-08-30,01:15:02,2CSH10196_0069,TFVI5,32,37.01599998
2021-08-30,15:03:49,16T7302_805,ROOT,8,54.952
2021-08-30,15:13:56,16T7302_805,ROOT,3,38.552
2021-08-30,15:33:14,16T7302-805_JOGLE,MPF,1,49.344
2021-08-30,15:36:09,16T7302-805_JOGLE,MPF,0,49.696
2021-08-30,16:03:26,16T7302-805_3-HINGE,FIN,6,9.084
2021-08-30,18:56:37,CALIBRATION_T99,MPF,1,9.488
2021-08-30,20:56:42,OML_CHECK,MPF,15,3.408000003
2021-08-30,21:24:51,OML_CHECK,MPF,14,32.54
2021-08-30,21:39:21,PRB_CAL,196,6,17.24
2021-08-30,21:42:16,PRB_CAL,196,2,20.208
2021-08-30,21:48:39,PRB_CAL,196,2,43.068
2021-08-30,22:22:17,PRB_CAL,196,31,33.41599998
2021-08-30,22:51:20,PRB_CAL,TFVI5,25,53.98799999
2021-08-31,00:11:44,2CSH10196_0069,TFV,6,14.94
2021-08-31,00:39:36,2CSH10196_0069,FIX,27,5.891999989
2021-08-31,01:45:33,2CSH10196_0069,FIX,26,44.09199999
2021-08-31,04:00:27,2CSH10196_0069,TFV,7,37.588
2021-08-31,04:30:23,2CSH10196_0069,FIX,27,49.46799999
2021-08-31,04:59:35,2CSH10196_0069,FIX,26,38.60399999
2021-08-31,08:06:13,2CSH10196_0069,TFV1,7,27.056
2021-08-31,08:37:35,2CSH10196_0069,RAW,7,53.216
2021-08-31,08:50:47,2CSH10196_0069,MEAS,5,17.988
2021-08-31,09:57:43,2CSH10196_0069,TFV,5,15.996
2021-08-31,10:05:54,2CSH10196_0069,RAW,7,14.948
2021-08-31,11:04:20,2CSH10196_0069,TFV,5,7.936
2021-08-31,11:31:55,2CSH10196_0069,FIX,26,39.34399999
2021-08-31,12:45:33,2CSH10196_0069,RAW,7,36.248
2021-08-31,14:09:58,2CSH10196_0069,TFV2,63,0.3519999383
2021-08-31,16:16:22,2CSH10196_0069,TFV3,123,9.255999853
2021-08-31,16:33:29,2CSH10196_0069,TFVI2,12,13.26
2021-08-31,18:51:59,2CSH10196_0069,TFV4,74,32.19999992
2021-08-31,21:58:01,2CSH10196_0069,TFV5,185,43.78400044
2021-08-31,22:46:20,2CSH10196_0069,TFV6,36,26.61199998
2021-09-01,00:18:25,2CSH10196_0069,TFVI3,19,35.228
2021-09-01,03:47:08,2CSH10196_0069,TFV7,104,15.53599988
2021-09-01,05:17:04,2CSH10196_0069,TFV8,78,45.37999992
2021-09-01,05:56:12,2CSH10196_0069,TFVI4,25,53.75199999
2021-09-01,07:27:43,2CSH10196_0069,TFV9,89,24.4399999
2021-09-01,08:50:21,2CSH10196_0069,TFV10,77,50.05199992
2021-09-01,12:29:10,2CSH10196_0069,TFV11,194,11.59600054
2021-09-01,12:42:20,2CSH10196_0069,TFV12,7,42.788
2021-09-01,14:49:58,2CSH10196_0069,TFVI5,32,53.61599998
2021-09-01,16:45:17,2CSH10196_0069,TFV1,7,29.128
2021-09-01,17:21:02,2CSH10196_0069,RAW,8,8.716000001
2021-09-01,17:41:30,2CSH10196_0069,MEAS,4,58.512
2021-09-01,18:44:53,2CSH10196_0069,TFV2,62,55.57999994
2021-09-01,20:48:19,2CSH10196_0069,TFV3,123,8.823999853
2021-09-01,21:10:31,2CSH10196_0069,TFVI2,12,10.988
2021-09-01,22:27:24,2CSH10196_0069,TFV4,74,51.16399992
2021-09-02,01:42:01,2CSH10196_0069,TFV5,185,38.43200043
2021-09-02,02:22:31,2CSH10196_0069,TFV6,36,26.57599998
2021-09-02,03:01:08,2CSH10196_0069,TFVI3,19,43.772
2021-09-02,04:48:15,2CSH10196_0069,TFV7,104,14.70799988
2021-09-02,06:22:51,2CSH10196_0069,TFV8,78,40.20399992
2021-09-02,07:22:45,2CSH10196_0069,TFVI4,26,0.4279999907
2021-09-02,09:04:15,2CSH10196_0069,TFV9,89,21.7839999
2021-09-02,10:26:29,2CSH10196_0069,TFV10,77,46.67999992
2021-09-02,14:44:35,2CSH10196_0069,TFV11,194,15.87600054
2021-09-02,14:53:19,2CSH10196_0069,TFV12,7,42.788
2021-09-02,16:00:16,2CSH10196_0069,TFVI5,32,55.17999998
2021-09-02,16:37:47,2CSH10196_0069,TFV1,7,5.384000001
2021-09-02,17:01:33,2CSH10196_0069,RAW,8,12.828
2021-09-02,17:16:15,2CSH10196_0069,MEAS,4,58.524
2021-09-02,18:19:20,2CSH10196_0069,TFV2,62,55.14799994
2021-09-02,20:40:16,2CSH10196_0069,TFV3,123,9.639999853
2021-09-02,22:07:58,2CSH10196_0069,TFVI2,12,15.22
2021-09-02,23:53:28,2CSH10196_0069,TFV4,74,47.44799992
2021-09-03,03:11:53,2CSH10196_0069,TFV5,185,37.98800043
2021-09-03,03:59:12,2CSH10196_0069,TFV6,36,26.91199998
2021-09-03,04:24:52,2CSH10196_0069,TFVI3,19,34.332
2021-09-03,06:25:28,2CSH10196_0069,TFV7,104,15.70399988
2021-09-05,02:07:24,2CSH10196_0069,TFV8,37,42.65199997
2021-09-05,03:25:51,2CSH10196_0069,TFVI4,26,7.363999991
2021-09-05,05:04:16,2CSH10196_0069,TFV9,89,26.0239999
2021-09-05,06:27:11,2CSH10196_0069,TFV10,77,51.21999992
2021-09-05,10:50:19,2CSH10196_0069,TFV11,193,50.75200053
2021-09-05,11:02:36,2CSH10196_0069,TFV12,7,42.776
2021-09-05,12:00:38,2CSH10196_0069,TFVI5,32,53.05999998
2021-09-05,14:09:36,2CSH10196_0069,MEAS,6,57.408
2021-09-05,14:20:05,2CSH10196_0069,TFV1,7,19.684
2021-09-05,14:42:34,2CSH10196_0069,RAW,7,47.648
2021-09-05,16:02:32,2CSH10196_0069,TFV2,62,56.85599994
2021-09-05,18:11:37,2CSH10196_0069,TFV3,123,8.351999853
2021-09-05,18:35:22,2CSH10196_0069,TFVI2,12,32.304
2021-09-05,19:55:56,2CSH10196_0069,TFV4,74,50.33599992
2021-09-05,23:19:11,2CSH10196_0069,TFV5,185,43.40800044
2021-09-06,00:51:05,2CSH10196_0069,TFV6,36,21.45999998
2021-09-06,01:16:59,2CSH10196_0069,TFVI3,19,59.896
2021-09-06,03:06:43,2CSH10196_0069,TFV7,105,21.96799988
2021-09-06,04:26:05,2CSH10196_0069,TFV8,78,59.61599992
2021-09-06,05:07:48,2CSH10196_0069,TFVI4,26,20.51599999
2021-09-06,08:15:35,2CSH10196_0069,TFV9,53,30.21599995
2021-09-06,09:35:42,2CSH10196_0069,TFV10,77,51.00799992
2021-09-06,12:53:44,2CSH10196_0069,TFV11,194,13.92800054
2021-09-09,02:24:53,2CSH10196_0069,TFVI5,33,25.39999998
2021-09-09,04:52:04,2CSH10196_0069,TFV12,7,44.684
2021-09-09,08:31:26,2CSH10196_0069,MEAS,5,1.18
2021-09-09,08:39:05,2CSH10196_0069,TFV1,7,16.788
2021-09-09,09:01:41,2CSH10196_0069,RAW,8,13.696
2021-09-09,10:17:23,2CSH10196_0069,TFV2,63,5.727999938
2021-09-09,12:20:45,2CSH10196_0069,TFV3,123,8.303999853
2021-09-09,12:39:03,2CSH10196_0069,TFVI2,12,40.692
2021-09-09,13:54:30,2CSH10196_0069,TFV4,74,51.82799992
2021-09-09,17:00:19,2CSH10196_0069,TFV5,185,37.82400043
2021-09-09,17:43:39,2CSH10196_0069,TFV6,36,26.89599998
2021-09-09,18:21:49,2CSH10196_0069,TFVI3,20,22.408
2021-09-10,01:20:03,2CSH10196_0069,TFV7,104,19.39599988
2021-09-10,02:39:15,2CSH10196_0069,TFV8,79,0.05999991556
2021-09-10,03:24:39,2CSH10196_0069,TFVI4,26,14.81199999
2021-09-10,05:00:56,2CSH10196_0069,TFV9,89,27.0079999
2021-09-10,06:22:55,2CSH10196_0069,TFV10,77,50.57199992
2021-09-10,09:46:25,2CSH10196_0069,TFV11,193,50.85200053
2021-09-10,09:55:21,2CSH10196_0069,TFV12,7,47.764
2021-09-10,10:49:46,2CSH10196_0069,TFVI5,33,6.615999981
2021-09-12,16:54:21,CALIBRATION_T99,MPF,1,9.772
2021-09-12,17:00:43,CALIBRATION_T99,MPF,1,8.328
2021-09-12,17:53:20,PRB_CAL,10196,3,53.908
2021-09-12,17:58:44,PRB_CAL,10196,4,47.492
2021-09-12,18:32:08,PRB_CAL,10196,33,9.763999981
2021-09-12,18:36:37,PRB_CAL,10196,3,52.496
2021-09-12,18:59:22,PRB_CAL,0071,22,14.572
2021-09-12,19:32:48,2CSH10196_0071,MEAS,5,57.792
2021-09-12,20:04:40,2CSH10196_0071,TFV,5,0.004000000263
2021-09-12,20:31:07,2CSH10196_0071,FIX,25,41.79599999
2021-09-12,21:19:58,2CSH10196_0071,TFV1,8,11.44
2021-09-12,22:01:19,2CSH10196_0071,RAW,22,13.368
2021-09-12,23:16:25,2CSH10196_0071,TFV2,67,47.51599993
2021-09-13,01:46:20,2CSH10196_0071,TFV3,122,52.18799985
2021-09-13,02:09:25,2CSH10196_0071,TFVI2,12,34.152
2021-09-13,02:13:16,2CSH10196_0071,ADD,0,0.48
2021-09-13,03:05:34,2CSH10196_0071,TFV4,51,28.19199995
2021-09-13,06:25:43,2CSH10196_0071,TFV5,184,37.63600042
2021-09-13,07:43:43,2CSH10196_0071,TFV6,74,17.86399992
2021-09-13,08:20:09,2CSH10196_0071,TFVI3,25,51.70399999
2021-09-13,11:58:11,2CSH10196_0071,TFV7,105,43.71999988
2021-09-13,14:09:50,2CSH10196_0071,TFV8,79,40.61199991
2021-09-13,16:46:13,2CSH10196_0071,TFVI4,30,6.483999985
2021-09-13,18:19:02,2CSH10196_0071,TFV9,85,11.69599991
2021-09-13,19:50:11,2CSH10196_0071,TFV10,80,24.16399991
2021-09-13,23:20:52,2CSH10196_0071,TFV11,172,25.98000027
2021-09-13,23:51:45,2CSH10196_0071,TFV12,9,25.74
2021-09-14,00:40:50,2CSH10196_0071,TFVI5,28,40.15999999
2021-09-14,00:41:42,2CSH10196_0071,CANCEL,0,0.464
2021-09-14,01:32:36,2CSH10196_0071,TFV1,7,50.944
2021-09-14,01:59:35,2CSH10196_0071,MEAS,5,57.512
2021-09-14,02:54:19,2CSH10196_0071,RAW,22,21.372
2021-09-14,04:32:14,2CSH10196_0071,TFV2,66,17.95599993
2021-09-14,06:36:26,2CSH10196_0071,TFV3,122,51.96399985
2021-09-14,07:57:04,2CSH10196_0071,TFVI2,12,38.24
2021-09-14,08:00:22,2CSH10196_0071,ADD,0,0.476
2021-09-14,08:52:04,2CSH10196_0071,TFV4,51,28.99599995
2021-09-14,12:00:49,2CSH10196_0071,TFV5,184,37.48800042
2021-09-14,13:43:13,2CSH10196_0071,TFV6,74,16.86799992
2021-09-14,14:15:54,2CSH10196_0071,TFVI3,25,50.86399999
2021-09-14,16:40:49,2CSH10196_0071,TFV7,105,44.70399988
2021-09-14,18:00:40,2CSH10196_0071,TFV8,79,35.29999991
2021-09-14,19:01:35,2CSH10196_0071,TFVI4,30,8.519999985
2021-09-14,20:29:22,2CSH10196_0071,TFV9,85,10.87999991
2021-09-14,21:53:16,2CSH10196_0071,TFV10,80,25.30799991
2021-09-15,00:57:15,2CSH10196_0071,TFV11,172,25.02400027
2021-09-15,01:14:02,2CSH10196_0071,TFV12,9,26.144
2021-09-15,01:55:55,2CSH10196_0071,TFVI5,28,21.15599999
2021-09-15,01:57:48,2CSH10196_0071,CANCEL,0,0.476
2021-09-29,08:46:35,CALIBRATION_T99,MPF,1,9.44
2021-09-29,08:53:14,CALIBRATION_T99,MPF,1,8.564
2021-09-29,09:33:21,CALIBRATION_T99,MPF,1,7.8
2021-09-29,10:11:12,CALIBRATION_T99,MPF,1,9.148
2021-09-29,11:00:22,CALIBRATION_T99,MPF,1,10.54
2021-09-29,11:09:20,CALIBRATION_T99,MPF,1,9.336
2021-09-29,12:12:51,CALIBRATION_T99,MPF,1,7.612
2021-09-29,21:02:10,5X_HEAD,CHECK,62,1.96799994
2021-09-29,22:25:39,PRB_CAL,5X,75,44.53999992
2021-09-29,23:31:06,5X_HEAD,CHECK,61,28.07599994
2021-09-30,09:03:41,OML_CHECK,MPF,13,29.58
2021-09-30,13:09:45,PRB_CAL,629,3,15.912
2021-09-30,15:08:22,PRB_CAL,2CSH629-0007,3,14.26
2021-10-03,10:38:32,2CSH00629_0007,TFV1,12,57.928
2021-10-03,11:26:15,2CSH00629_0007,TFVI1,15,2.420000003
2021-10-03,11:39:44,2CSH00629_0007,TFV2,6,34.848
2021-10-03,13:27:54,2CSH00629_0007,TFV3,25,55.80399999
2021-10-03,13:53:34,2CSH00629_0007,TFVI2,10,51.66
2021-10-03,14:25:09,2CSH00629_0007,TFVI2,10,35.664
2021-10-03,14:38:27,2CSH00629_0007,TFVI2,10,17.684
2021-10-03,15:14:08,2CSH00629_0007,TFVI2,10,43.632
2021-10-03,17:26:31,2CSH00629_0007,TFV1,61,19.54399994
2021-10-03,17:49:59,2CSH00629_0007,TFVI1,14,57.692
2021-10-03,17:58:25,2CSH00629_0007,TFV2,6,27.408
2021-10-03,18:36:46,2CSH00629_0007,TFV3,25,41.91999999
2021-10-03,18:57:57,2CSH00629_0007,TFVI2,10,50.324
2021-10-03,20:22:14,2CSH00629_0007,TFV1,61,37.28399994
2021-10-03,20:42:12,2CSH00629_0007,TFVI1,14,56.14
2021-10-03,20:49:44,2CSH00629_0007,TFV2,6,27.156
2021-10-03,21:19:45,2CSH00629_0007,TFV3,25,35.27199999
2021-10-03,21:34:02,2CSH00629_0007,TFVI2,10,52.096
2021-10-03,22:44:20,2CSH00629_0007,TFV1,61,43.31599994
2021-10-04,00:06:12,2CSH00629_0007,TFVI1,19,43.344
2021-10-04,00:13:06,2CSH00629_0007,TFV2,6,27.156
2021-10-04,00:48:38,2CSH00629_0007,TFV3,25,28.71199999
2021-10-04,02:07:58,2CSH00629_0007,TFVI2,11,17.256
2021-10-04,03:26:29,2CSH00629_0007,TFV1,61,29.18399994
2021-10-04,03:49:32,2CSH00629_0007,TFVI1,15,8.420000003
2021-10-04,04:00:15,2CSH00629_0007,TFV2,6,26.844
2021-10-04,04:28:48,2CSH00629_0007,TFV3,25,29.55999999
2021-10-04,05:48:57,2CSH00629_0007,TFVI2,10,53.464
2021-10-04,07:04:40,2CSH00629_0007,TFV1,61,19.85999994
2021-10-04,08:02:46,2CSH00629_0007,TFVI1,15,0.4680000028
2021-10-04,08:11:29,2CSH00629_0007,TFV2,6,30.88
2021-10-04,08:42:20,2CSH00629_0007,TFV3,25,35.75599999
2021-10-04,08:59:27,2CSH00629_0007,TFVI2,10,47.18
2021-10-04,16:17:21,2CSH00629_0007,TFC1,52,45.25199995
2021-10-04,16:28:15,2CSH00629_0007,TFCI1,7,57.004
2021-10-06,11:42:54,2CSH00629_0007,TFC1,52,47.12399995
2021-10-06,12:24:40,2CSH00629_0007,TFCI1,8,2.220000001
2021-10-06,18:38:35,2CSH00629_0007,TFC1,52,53.38799995
2021-10-06,19:09:13,2CSH00629_0007,TFCI1,7,54.492
2021-10-06,20:07:41,2CSH00629_0007,TFC1,52,47.83199995
2021-10-06,20:18:03,2CSH00629_0007,TFCI1,7,52.34
2021-10-06,21:17:38,2CSH00629_0007,TFC1,52,48.15199995
2021-10-06,21:37:19,2CSH00629_0007,TFCI1,7,58.872
2021-10-06,22:42:59,2CSH00629_0007,TFC1,52,25.55999995
2021-10-07,00:32:32,2CSH00629_0007,TFCI1,8,16.692
2021-10-07,02:59:44,2CSH00629_0007,TFV1,61,42.02799994
2021-10-07,03:26:49,2CSH00629_0007,TFVI1,15,12.172
2021-10-07,03:49:51,2CSH00629_0007,TFV2,6,31.628
2021-10-07,06:38:58,2CSH00629_0007,TFV3,25,35.67999999
2021-10-07,19:07:10,2CSH00629_0007,TFVI2,10,54.696
2021-10-07,20:24:40,2CSH00629_0007,TFV1,61,41.77199994
2021-10-07,20:43:28,2CSH00629_0007,TFVI1,14,57.296
2021-10-07,20:51:37,2CSH00629_0007,TFV2,6,27.388
2021-10-07,21:19:52,2CSH00629_0007,TFV3,25,28.86399999
2021-10-07,21:34:43,2CSH00629_0007,TFVI2,11,4.108000002
2021-10-07,22:45:37,2CSH00629_0007,TFV1,61,43.11599994
2021-10-08,07:35:38,2CSH00629_0007,TFVI1,15,2.616000003
2021-10-08,07:47:27,2CSH00629_0007,TFV2,6,31.2
2021-10-08,08:15:27,2CSH00629_0007,TFV3,25,35.88799999
2021-10-08,08:28:59,2CSH00629_0007,TFVI2,10,47.264
2021-10-08,09:52:32,2CSH00629_0007,TFV1,61,25.45999994
2021-10-08,10:10:52,2CSH00629_0007,TFVI1,15,6.564000003
2021-10-08,10:17:44,2CSH00629_0007,TFV2,6,30.604
2021-10-08,10:46:17,2CSH00629_0007,TFV3,25,35.67599999
2021-10-08,10:59:49,2CSH00629_0007,TFVI2,11,2.836000002
2021-10-08,12:08:20,2CSH00629_0007,TFV1,61,42.87999994
2021-10-08,12:27:21,2CSH00629_0007,TFVI1,15,18.536
2021-10-10,00:45:14,2CSH00629_0007,TFV2,6,54.46
2021-10-10,01:13:37,2CSH00629_0007,TFV3,25,35.39199999
2021-10-10,01:44:51,2CSH00629_0007,TFVI2,11,13.672
2021-10-10,02:57:28,2CSH00629_0007,TFC1,52,34.41599995
2021-10-10,03:07:59,2CSH00629_0007,TFCI1,8,4.540000001
2021-10-10,04:08:08,2CSH00629_0007,TFC1,52,47.03999995
2021-10-10,04:18:44,2CSH00629_0007,TFCI1,8,4.992000001
2021-10-10,05:21:42,2CSH00629_0007,TFC1,52,48.39199995
2021-10-10,05:32:10,2CSH00629_0007,TFCI1,8,1.116000001
2021-10-10,06:45:23,2CSH00629_0007,TFC1,57,40.35999995
2021-10-10,07:38:31,2CSH00629_0007,TFCI1,7,56.852
2021-10-10,08:43:10,2CSH00629_0007,TFC1,52,49.05999995
2021-10-10,09:00:21,2CSH00629_0007,TFCI1,8,2.808000001
2021-10-10,17:20:53,PRB_CAL,5X,75,58.60799992
2021-10-10,18:32:49,5X_HEAD,CHECK,61,26.69999994
2021-10-10,19:14:44,PRB_CAL,2CSH629-0007,3,33.152
2021-10-10,21:43:59,2CSH00629_0007,TFV1,61,46.93999994
2021-10-10,22:30:57,2CSH00629_0007,TFVI1,15,11.864
2021-10-10,22:41:27,2CSH00629_0007,TFV2,6,31.64
2021-10-11,00:23:58,2CSH00629_0007,TFV3,25,36.79599999
2021-10-11,00:42:53,2CSH00629_0007,TFVI2,11,12.556
2021-10-11,01:51:58,2CSH00629_0007,TFV1,61,44.51199994
2021-10-11,02:10:54,2CSH00629_0007,TFVI1,15,2.092000003
2021-10-11,02:18:15,2CSH00629_0007,TFV2,6,31.46
2021-10-11,02:47:40,2CSH00629_0007,TFV3,25,36.41599999
2021-10-11,03:03:29,2CSH00629_0007,TFVI2,10,48.96
2021-10-11,04:28:29,2CSH00629_0007,TFC1,52,34.63999995
2021-10-11,04:43:07,2CSH00629_0007,TFCI1,8,2.228000001
2021-10-11,05:42:14,2CSH00629_0007,TFC1,52,46.57599995
2021-10-11,06:07:38,2CSH00629_0007,TFCI1,8,5.992000001
2021-10-11,08:35:03,2CSJ10500_0007,TFV,2,35.46
2021-10-11,08:44:29,PRB_CAL,500,1,58.168
2021-10-11,11:30:23,2CSJ10500_0007,TFV,2,51.296
2021-10-11,11:50:04,2CSH10500_0007,TFV1,17,4.596000003
2021-10-11,13:35:42,2CSH10500_0007,TFV2,98,11.48799989
2021-10-11,14:00:22,2CSH10500_0007,TFVI1,18,16.716
2021-10-11,14:37:41,2CSH10500_0007,TFV3,35,42.10399998
2021-10-11,15:37:24,2CSH10500_0007,TFV4,52,29.71599995
2021-10-11,16:17:22,2CSH10500_0007,TFVI2,11,11.604
2021-10-11,16:47:51,2CSH10500_0007,TFV1,17,31.6
2021-10-11,18:41:22,2CSH10500_0007,TFV2,98,15.03599989
2021-10-11,19:23:47,2CSH10500_0007,TFVI1,18,12.176
2021-10-11,20:02:04,2CSH10500_0007,TFV3,35,43.93999998
2021-10-11,21:05:56,2CSH10500_0007,TFV4,52,31.57999995
2021-10-11,21:51:12,2CSH10500_0007,TFVI2,11,12.372
2021-10-11,22:18:45,2CSH10500_0007,TFV1,17,29.944
2021-10-12,00:07:09,2CSH10500_0007,TFV2,99,43.45999989
2021-10-12,00:33:42,2CSH10500_0007,TFVI1,18,22.02
2021-10-12,01:09:57,2CSH10500_0007,TFV3,35,43.63599998
2021-10-12,02:06:08,2CSH10500_0007,TFV4,52,29.59999995
2021-10-12,02:20:34,2CSH10500_0007,TFVI2,11,11.276
2021-10-12,02:50:43,2CSH10500_0007,TFV1,17,28.6
2021-10-12,07:06:21,2CSH10500_0007,TFV2,97,56.21999989
2021-10-12,07:55:26,2CSH10500_0007,TFVI1,18,19.056
2021-10-12,08:32:33,2CSH10500_0007,TFV3,35,39.98399998
2021-10-12,09:29:22,2CSH10500_0007,TFV4,52,29.44399995
2021-10-12,09:48:50,2CSH10500_0007,TFVI2,12,29.192
2021-10-12,10:20:42,2CSH10500_0007,TFV1,17,21.3
2021-10-12,12:03:02,2CSH10500_0007,TFV2,98,15.96799989
2021-10-12,12:29:04,2CSH10500_0007,TFVI1,18,21.26
2021-10-12,13:05:14,2CSH10500_0007,TFV3,35,40.36799998
2021-10-12,14:02:04,2CSH10500_0007,TFV4,52,30.16799995
2021-10-12,14:19:19,2CSH10500_0007,TFVI2,11,9.260000002
2021-10-12,14:40:12,2CSH10500_0007,TFV1,17,28.092
2021-10-12,16:21:16,2CSH10500_0007,TFV2,98,17.87999989
2021-10-12,16:51:48,2CSH10500_0007,TFVI1,18,35.668
2021-10-12,17:33:01,2CSH10500_0007,TFV3,35,44.41999998
2021-10-12,18:34:16,2CSH10500_0007,TFV4,52,18.02399995
2021-10-12,19:23:37,2CSH10500_0007,TFVI2,11,15.472
2021-10-12,19:57:44,2CSH10500_0007,TFV1,17,30.972
2021-10-12,21:44:32,2CSH10500_0007,TFV2,98,19.02399989
2021-10-12,23:11:14,2CSH10500_0007,TFVI1,18,24.748
2021-10-13,00:38:48,2CSH10500_0007,TFV3,35,44.19599998
2021-10-13,01:40:50,2CSH10500_0007,TFV4,52,30.79999995
2021-10-13,01:57:33,2CSH10500_0007,TFVI2,11,16.476
2021-10-13,02:19:09,2CSH10500_0007,TFV1,15,35.548
2021-10-13,04:02:49,2CSH10500_0007,TFV2,97,57.11999989
2021-10-13,04:25:18,2CSH10500_0007,TFVI1,18,25.48
2021-10-13,05:02:03,2CSH10500_0007,TFV3,35,43.67599998
2021-10-13,06:46:02,2CSH10500_0007,TFV4,52,29.75199995
2021-10-13,07:54:14,2CSH10500_0007,TFVI2,11,11.292
2021-10-13,10:00:44,CALIBRATION_T99,MPF,1,9.512
2021-10-13,10:50:18,PRB_CAL,10196,3,51.584
2021-10-13,10:55:24,PRB_CAL,10196,4,48.744
2021-10-13,10:59:42,PRB_CAL,10196,3,52.74
2021-10-13,11:33:17,PRB_CAL,10196,33,10.81199998
2021-10-13,11:57:11,PRB_CAL,0071,22,32.112
2021-10-13,12:37:18,OML_CHECK,MPF,14,14.64
2021-10-13,12:54:05,2CSH10196_0071,MEAS,5,59.252
2021-10-13,13:31:29,2CSH10196_0071,TFV,4,7.696
2021-10-13,13:58:24,2CSH10196_0071,FIX,26,25.07999999
2021-10-13,14:13:01,2CSH10196_0071,TFV1,8,10.916
2021-10-13,14:54:02,2CSH10196_0071,RAW,22,6.403999996
2021-10-13,16:09:57,2CSH10196_0071,TFV2,66,40.04399993
2021-10-13,18:25:29,2CSH10196_0071,TFV3,125,43.43599985
2021-10-13,19:00:50,2CSH10196_0071,TFVI2,12,16.46
2021-10-13,19:19:14,2CSH10196_0071,ADD,0,0.488
2021-10-13,20:11:20,2CSH10196_0071,TFV4,51,32.43199995
2021-10-13,23:22:19,2CSH10196_0071,TFV5,185,51.55600044
2021-10-14,00:52:38,2CSH10196_0071,TFV6,75,8.443999921
2021-10-14,01:43:59,2CSH10196_0071,TFVI3,25,25.17599999
2021-10-14,10:25:34,2CSH10196_0071,TFV7,105,43.37999988
2021-10-14,12:25:33,2CSH10196_0071,TFV8,79,40.58399991
2021-10-14,13:11:03,2CSH10196_0071,TFVI4,30,4.871999985
2021-10-14,14:41:19,2CSH10196_0071,TFV9,85,12.62399991
2021-10-14,16:04:45,2CSH10196_0071,TFV10,80,27.07599991
2021-10-14,19:31:01,2CSH10196_0071,TFV11,172,51.84400028
2021-10-14,19:44:21,2CSH10196_0071,TFV12,9,31.012
2021-10-14,20:37:46,2CSH10196_0071,TFVI5,27,57.23999999
2021-10-14,20:54:36,2CSH10196_0071,CANCEL,0,0.464
2021-10-14,21:45:23,2CSH10196_0071,TFV1,8,11.048
2021-10-14,23:50:56,2CSH10196_0071,RAW,22,21.792
2021-10-15,00:09:29,2CSH10196_0071,MEAS,4,43.924
2021-10-15,01:16:49,2CSH10196_0071,TFV2,66,41.75999993
2021-10-15,03:20:29,2CSH10196_0071,TFV3,122,56.94399985
2021-10-15,03:41:54,2CSH10196_0071,TFVI2,12,17.836
2021-10-15,03:42:12,2CSH10196_0071,ADD,0,0.452
2021-10-15,03:42:15,2CSH10196_0071,ADD,0,0.464
2021-10-15,04:34:04,2CSH10196_0071,TFV4,51,32.30399995
2021-10-15,07:39:17,2CSH10196_0071,TFV5,184,53.21200042
2021-10-15,09:06:41,2CSH10196_0071,TFV6,74,16.72399992
2021-10-15,09:49:18,2CSH10196_0071,TFVI3,25,20.91999999
2021-10-15,11:36:43,2CSH10196_0071,TFV7,105,46.11999988
2021-10-17,10:04:16,2CSH10196_0071,TFV8,80,3.123999914
2021-10-17,10:49:42,2CSH10196_0071,TFVI4,30,6.535999985
2021-10-17,12:44:09,2CSH10196_0071,TFV9,85,16.29199991
2021-10-17,14:28:59,2CSH10196_0071,TFV10,80,19.07199991
2021-10-17,17:32:41,2CSH10196_0071,TFV11,172,30.46000027
2021-10-17,17:43:46,2CSH10196_0071,TFV12,9,25.68
2021-10-17,18:17:41,2CSH10196_0071,TFVI5,26,53.59999999
2021-10-17,18:49:09,2CSH10196_0071,TFVI5,27,54.52399999
2021-10-17,18:50:27,2CSH10196_0071,CANCEL,0,0.484
2021-10-17,18:50:35,2CSH10196_0071,CANCEL,0,0.464
2021-10-17,19:16:11,2CSH10196_0071,TFV1,7,48.66
2021-10-17,19:59:22,2CSH10196_0071,RAW,22,13.508
2021-10-17,20:34:18,2CSH10196_0071,MEAS,6,0.07200000026
2021-10-17,21:41:20,2CSH10196_0071,TFV2,66,38.49599993
2021-10-17,23:44:36,2CSH10196_0071,TFV3,122,52.80399985
2021-10-18,00:40:22,2CSH10196_0071,TFVI2,12,47.42
2021-10-18,00:56:32,2CSH10196_0071,ADD,0,0.448
2021-10-18,01:48:38,2CSH10196_0071,TFV4,51,32.28799995
2021-10-18,04:54:51,2CSH10196_0071,TFV5,184,53.23200042
2021-10-18,06:34:46,2CSH10196_0071,TFV6,74,22.99999992
2021-10-18,08:00:41,2CSH10196_0071,TFVI3,25,20.59999999
2021-10-18,14:07:12,2CSH10196_0071,TFV7,105,47.75199988
